GME00130004,19700101,TMIN,19,,,S,0700
GME00130004,19700101,TMAX,163,,,S,0700
GME00130004,19700201,TMIN,30,,,S,0700
GME00130004,19700201,TMAX,183,,,S,0700
GME00130004,19700301,TMIN,60,,,S,0700
GME00130004,19700301,TMAX,233,,,S,0700
GME00130004,19700401,TMIN,89,,,S,0700
GME00130004,19700401,TMAX,273,,,S,0700
GME00130004,19700501,TMIN,129,,,S,0700
GME00130004,19700501,TMAX,313,,,S,0700
GME00130004,19700601,TMIN,159,,,S,0700
GME00130004,19700601,TMAX,354,,,S,0700
GME00130004,19700701,TMIN,179,,,S,0700
GME00130004,19700701,TMAX,374,,,S,0700
GME00130004,19700801,TMIN,179,,,S,0700
GME00130004,19700801,TMAX,374,,,S,0700
GME00130004,19700901,TMIN,139,,,S,0700
GME00130004,19700901,TMAX,324,,,S,0700
GME00130004,19701001,TMIN,99,,,S,0700
GME00130004,19701001,TMAX,263,,,S,0700
GME00130004,19701101,TMIN,60,,,S,0700
GME00130004,19701101,TMAX,203,,,S,0700
GME00130004,19701201,TMIN,30,,,S,0700
GME00130004,19701201,TMAX,173,,,S,0700
GME00130004,19710101,TMIN,21,,,S,0700
GME00130004,19710101,TMAX,165,,,S,0700
GME00130004,19710201,TMIN,31,,,S,0700
GME00130004,19710201,TMAX,185,,,S,0700
GME00130004,19710301,TMIN,61,,,S,0700
GME00130004,19710301,TMAX,235,,,S,0700
GME00130004,19710401,TMIN,91,,,S,0700
GME00130004,19710401,TMAX,275,,,S,0700
GME00130004,19710501,TMIN,131,,,S,0700
GME00130004,19710501,TMAX,315,,,S,0700
GME00130004,19710601,TMIN,161,,,S,0700
GME00130004,19710601,TMAX,355,,,S,0700
GME00130004,19710701,TMIN,181,,,S,0700
GME00130004,19710701,TMAX,375,,,S,0700
GME00130004,19710801,TMIN,181,,,S,0700
GME00130004,19710801,TMAX,375,,,S,0700
GME00130004,19710901,TMIN,141,,,S,0700
GME00130004,19710901,TMAX,325,,,S,0700
GME00130004,19711001,TMIN,101,,,S,0700
GME00130004,19711001,TMAX,265,,,S,0700
GME00130004,19711101,TMIN,61,,,S,0700
GME00130004,19711101,TMAX,205,,,S,0700
GME00130004,19711201,TMIN,31,,,S,0700
GME00130004,19711201,TMAX,175,,,S,0700
GME00130004,19720101,TMIN,22,,,S,0700
GME00130004,19720101,TMAX,166,,,S,0700
GME00130004,19720201,TMIN,32,,,S,0700
GME00130004,19720201,TMAX,186,,,S,0700
GME00130004,19720301,TMIN,62,,,S,0700
GME00130004,19720301,TMAX,236,,,S,0700
GME00130004,19720401,TMIN,92,,,S,0700
GME00130004,19720401,TMAX,276,,,S,0700
GME00130004,19720501,TMIN,132,,,S,0700
GME00130004,19720501,TMAX,316,,,S,0700
GME00130004,19720601,TMIN,162,,,S,0700
GME00130004,19720601,TMAX,356,,,S,0700
GME00130004,19720701,TMIN,182,,,S,0700
GME00130004,19720701,TMAX,376,,,S,0700
GME00130004,19720801,TMIN,182,,,S,0700
GME00130004,19720801,TMAX,376,,,S,0700
GME00130004,19720901,TMIN,142,,,S,0700
GME00130004,19720901,TMAX,326,,,S,0700
GME00130004,19721001,TMIN,102,,,S,0700
GME00130004,19721001,TMAX,266,,,S,0700
GME00130004,19721101,TMIN,62,,,S,0700
GME00130004,19721101,TMAX,206,,,S,0700
GME00130004,19721201,TMIN,32,,,S,0700
GME00130004,19721201,TMAX,176,,,S,0700
GME00130004,19730101,TMIN,23,,,S,0700
GME00130004,19730101,TMAX,167,,,S,0700
GME00130004,19730201,TMIN,33,,,S,0700
GME00130004,19730201,TMAX,187,,,S,0700
GME00130004,19730301,TMIN,63,,,S,0700
GME00130004,19730301,TMAX,237,,,S,0700
GME00130004,19730401,TMIN,93,,,S,0700
GME00130004,19730401,TMAX,277,,,S,0700
GME00130004,19730501,TMIN,133,,,S,0700
GME00130004,19730501,TMAX,317,,,S,0700
GME00130004,19730601,TMIN,163,,,S,0700
GME00130004,19730601,TMAX,357,,,S,0700
GME00130004,19730701,TMIN,183,,,S,0700
GME00130004,19730701,TMAX,377,,,S,0700
GME00130004,19730801,TMIN,183,,,S,0700
GME00130004,19730801,TMAX,377,,,S,0700
GME00130004,19730901,TMIN,143,,,S,0700
GME00130004,19730901,TMAX,327,,,S,0700
GME00130004,19731001,TMIN,103,,,S,0700
GME00130004,19731001,TMAX,267,,,S,0700
GME00130004,19731101,TMIN,63,,,S,0700
GME00130004,19731101,TMAX,207,,,S,0700
GME00130004,19731201,TMIN,33,,,S,0700
GME00130004,19731201,TMAX,177,,,S,0700
GME00130004,19740101,TMIN,24,,,S,0700
GME00130004,19740101,TMAX,168,,,S,0700
GME00130004,19740201,TMIN,34,,,S,0700
GME00130004,19740201,TMAX,188,,,S,0700
GME00130004,19740301,TMIN,64,,,S,0700
GME00130004,19740301,TMAX,238,,,S,0700
GME00130004,19740401,TMIN,94,,,S,0700
GME00130004,19740401,TMAX,278,,,S,0700
GME00130004,19740501,TMIN,134,,,S,0700
GME00130004,19740501,TMAX,318,,,S,0700
GME00130004,19740601,TMIN,164,,,S,0700
GME00130004,19740601,TMAX,358,,,S,0700
GME00130004,19740701,TMIN,184,,,S,0700
GME00130004,19740701,TMAX,378,,,S,0700
GME00130004,19740801,TMIN,184,,,S,0700
GME00130004,19740801,TMAX,378,,,S,0700
GME00130004,19740901,TMIN,144,,,S,0700
GME00130004,19740901,TMAX,328,,,S,0700
GME00130004,19741001,TMIN,104,,,S,0700
GME00130004,19741001,TMAX,268,,,S,0700
GME00130004,19741101,TMIN,64,,,S,0700
GME00130004,19741101,TMAX,208,,,S,0700
GME00130004,19741201,TMIN,34,,,S,0700
GME00130004,19741201,TMAX,178,,,S,0700
GME00130004,19750101,TMIN,25,,,S,0700
GME00130004,19750101,TMAX,169,,,S,0700
GME00130004,19750201,TMIN,35,,,S,0700
GME00130004,19750201,TMAX,189,,,S,0700
GME00130004,19750301,TMIN,65,,,S,0700
GME00130004,19750301,TMAX,239,,,S,0700
GME00130004,19750401,TMIN,95,,,S,0700
GME00130004,19750401,TMAX,279,,,S,0700
GME00130004,19750501,TMIN,135,,,S,0700
GME00130004,19750501,TMAX,319,,,S,0700
GME00130004,19750601,TMIN,165,,,S,0700
GME00130004,19750601,TMAX,359,,,S,0700
GME00130004,19750701,TMIN,185,,,S,0700
GME00130004,19750701,TMAX,379,,,S,0700
GME00130004,19750801,TMIN,185,,,S,0700
GME00130004,19750801,TMAX,379,,,S,0700
GME00130004,19750901,TMIN,145,,,S,0700
GME00130004,19750901,TMAX,329,,,S,0700
GME00130004,19751001,TMIN,105,,,S,0700
GME00130004,19751001,TMAX,269,,,S,0700
GME00130004,19751101,TMIN,65,,,S,0700
GME00130004,19751101,TMAX,209,,,S,0700
GME00130004,19751201,TMIN,35,,,S,0700
GME00130004,19751201,TMAX,179,,,S,0700
GME00130004,19760101,TMIN,25,,,S,0700
GME00130004,19760101,TMAX,169,,,S,0700
GME00130004,19760201,TMIN,35,,,S,0700
GME00130004,19760201,TMAX,189,,,S,0700
GME00130004,19760301,TMIN,65,,,S,0700
GME00130004,19760301,TMAX,239,,,S,0700
GME00130004,19760401,TMIN,95,,,S,0700
GME00130004,19760401,TMAX,279,,,S,0700
GME00130004,19760501,TMIN,135,,,S,0700
GME00130004,19760501,TMAX,319,,,S,0700
GME00130004,19760601,TMIN,165,,,S,0700
GME00130004,19760601,TMAX,359,,,S,0700
GME00130004,19760701,TMIN,185,,,S,0700
GME00130004,19760701,TMAX,379,,,S,0700
GME00130004,19760801,TMIN,185,,,S,0700
GME00130004,19760801,TMAX,379,,,S,0700
GME00130004,19760901,TMIN,145,,,S,0700
GME00130004,19760901,TMAX,329,,,S,0700
GME00130004,19761001,TMIN,105,,,S,0700
GME00130004,19761001,TMAX,269,,,S,0700
GME00130004,19761101,TMIN,65,,,S,0700
GME00130004,19761101,TMAX,209,,,S,0700
GME00130004,19761201,TMIN,35,,,S,0700
GME00130004,19761201,TMAX,179,,,S,0700
GME00130004,19770101,TMIN,25,,,S,0700
GME00130004,19770101,TMAX,169,,,S,0700
GME00130004,19770201,TMIN,35,,,S,0700
GME00130004,19770201,TMAX,189,,,S,0700
GME00130004,19770301,TMIN,65,,,S,0700
GME00130004,19770301,TMAX,239,,,S,0700
GME00130004,19770401,TMIN,95,,,S,0700
GME00130004,19770401,TMAX,279,,,S,0700
GME00130004,19770501,TMIN,135,,,S,0700
GME00130004,19770501,TMAX,319,,,S,0700
GME00130004,19770601,TMIN,165,,,S,0700
GME00130004,19770601,TMAX,359,,,S,0700
GME00130004,19770701,TMIN,185,,,S,0700
GME00130004,19770701,TMAX,379,,,S,0700
GME00130004,19770801,TMIN,185,,,S,0700
GME00130004,19770801,TMAX,379,,,S,0700
GME00130004,19770901,TMIN,145,,,S,0700
GME00130004,19770901,TMAX,329,,,S,0700
GME00130004,19771001,TMIN,105,,,S,0700
GME00130004,19771001,TMAX,269,,,S,0700
GME00130004,19771101,TMIN,65,,,S,0700
GME00130004,19771101,TMAX,209,,,S,0700
GME00130004,19771201,TMIN,35,,,S,0700
GME00130004,19771201,TMAX,179,,,S,0700
GME00130004,19780101,TMIN,25,,,S,0700
GME00130004,19780101,TMAX,169,,,S,0700
GME00130004,19780201,TMIN,35,,,S,0700
GME00130004,19780201,TMAX,189,,,S,0700
GME00130004,19780301,TMIN,65,,,S,0700
GME00130004,19780301,TMAX,239,,,S,0700
GME00130004,19780401,TMIN,95,,,S,0700
GME00130004,19780401,TMAX,279,,,S,0700
GME00130004,19780501,TMIN,135,,,S,0700
GME00130004,19780501,TMAX,319,,,S,0700
GME00130004,19780601,TMIN,165,,,S,0700
GME00130004,19780601,TMAX,359,,,S,0700
GME00130004,19780701,TMIN,185,,,S,0700
GME00130004,19780701,TMAX,379,,,S,0700
GME00130004,19780801,TMIN,185,,,S,0700
GME00130004,19780801,TMAX,379,,,S,0700
GME00130004,19780901,TMIN,145,,,S,0700
GME00130004,19780901,TMAX,329,,,S,0700
GME00130004,19781001,TMIN,105,,,S,0700
GME00130004,19781001,TMAX,269,,,S,0700
GME00130004,19781101,TMIN,65,,,S,0700
GME00130004,19781101,TMAX,209,,,S,0700
GME00130004,19781201,TMIN,35,,,S,0700
GME00130004,19781201,TMAX,179,,,S,0700
GME00130004,19790101,TMIN,25,,,S,0700
GME00130004,19790101,TMAX,169,,,S,0700
GME00130004,19790201,TMIN,35,,,S,0700
GME00130004,19790201,TMAX,189,,,S,0700
GME00130004,19790301,TMIN,65,,,S,0700
GME00130004,19790301,TMAX,239,,,S,0700
GME00130004,19790401,TMIN,95,,,S,0700
GME00130004,19790401,TMAX,279,,,S,0700
GME00130004,19790501,TMIN,135,,,S,0700
GME00130004,19790501,TMAX,319,,,S,0700
GME00130004,19790601,TMIN,165,,,S,0700
GME00130004,19790601,TMAX,359,,,S,0700
GME00130004,19790701,TMIN,185,,,S,0700
GME00130004,19790701,TMAX,379,,,S,0700
GME00130004,19790801,TMIN,185,,,S,0700
GME00130004,19790801,TMAX,379,,,S,0700
GME00130004,19790901,TMIN,145,,,S,0700
GME00130004,19790901,TMAX,329,,,S,0700
GME00130004,19791001,TMIN,105,,,S,0700
GME00130004,19791001,TMAX,269,,,S,0700
GME00130004,19791101,TMIN,65,,,S,0700
GME00130004,19791101,TMAX,209,,,S,0700
GME00130004,19791201,TMIN,35,,,S,0700
GME00130004,19791201,TMAX,179,,,S,0700
GME00130004,19800101,TMIN,25,,,S,0700
GME00130004,19800101,TMAX,169,,,S,0700
GME00130004,19800201,TMIN,35,,,S,0700
GME00130004,19800201,TMAX,189,,,S,0700
GME00130004,19800301,TMIN,65,,,S,0700
GME00130004,19800301,TMAX,239,,,S,0700
GME00130004,19800401,TMIN,95,,,S,0700
GME00130004,19800401,TMAX,279,,,S,0700
GME00130004,19800501,TMIN,135,,,S,0700
GME00130004,19800501,TMAX,319,,,S,0700
GME00130004,19800601,TMIN,165,,,S,0700
GME00130004,19800601,TMAX,359,,,S,0700
GME00130004,19800701,TMIN,185,,,S,0700
GME00130004,19800701,TMAX,379,,,S,0700
GME00130004,19800801,TMIN,185,,,S,0700
GME00130004,19800801,TMAX,379,,,S,0700
GME00130004,19800901,TMIN,145,,,S,0700
GME00130004,19800901,TMAX,329,,,S,0700
GME00130004,19801001,TMIN,105,,,S,0700
GME00130004,19801001,TMAX,269,,,S,0700
GME00130004,19801101,TMIN,65,,,S,0700
GME00130004,19801101,TMAX,209,,,S,0700
GME00130004,19801201,TMIN,35,,,S,0700
GME00130004,19801201,TMAX,179,,,S,0700
GME00130004,19810101,TMIN,25,,,S,0700
GME00130004,19810101,TMAX,169,,,S,0700
GME00130004,19810201,TMIN,35,,,S,0700
GME00130004,19810201,TMAX,189,,,S,0700
GME00130004,19810301,TMIN,65,,,S,0700
GME00130004,19810301,TMAX,239,,,S,0700
GME00130004,19810401,TMIN,95,,,S,0700
GME00130004,19810401,TMAX,279,,,S,0700
GME00130004,19810501,TMIN,135,,,S,0700
GME00130004,19810501,TMAX,319,,,S,0700
GME00130004,19810601,TMIN,165,,,S,0700
GME00130004,19810601,TMAX,359,,,S,0700
GME00130004,19810701,TMIN,185,,,S,0700
GME00130004,19810701,TMAX,379,,,S,0700
GME00130004,19810801,TMIN,185,,,S,0700
GME00130004,19810801,TMAX,379,,,S,0700
GME00130004,19810901,TMIN,145,,,S,0700
GME00130004,19810901,TMAX,329,,,S,0700
GME00130004,19811001,TMIN,105,,,S,0700
GME00130004,19811001,TMAX,269,,,S,0700
GME00130004,19811101,TMIN,65,,,S,0700
GME00130004,19811101,TMAX,209,,,S,0700
GME00130004,19811201,TMIN,35,,,S,0700
GME00130004,19811201,TMAX,179,,,S,0700
GME00130004,19820101,TMIN,24,,,S,0700
GME00130004,19820101,TMAX,168,,,S,0700
GME00130004,19820201,TMIN,34,,,S,0700
GME00130004,19820201,TMAX,188,,,S,0700
GME00130004,19820301,TMIN,64,,,S,0700
GME00130004,19820301,TMAX,238,,,S,0700
GME00130004,19820401,TMIN,94,,,S,0700
GME00130004,19820401,TMAX,278,,,S,0700
GME00130004,19820501,TMIN,134,,,S,0700
GME00130004,19820501,TMAX,318,,,S,0700
GME00130004,19820601,TMIN,164,,,S,0700
GME00130004,19820601,TMAX,358,,,S,0700
GME00130004,19820701,TMIN,184,,,S,0700
GME00130004,19820701,TMAX,378,,,S,0700
GME00130004,19820801,TMIN,184,,,S,0700
GME00130004,19820801,TMAX,378,,,S,0700
GME00130004,19820901,TMIN,144,,,S,0700
GME00130004,19820901,TMAX,328,,,S,0700
GME00130004,19821001,TMIN,104,,,S,0700
GME00130004,19821001,TMAX,268,,,S,0700
GME00130004,19821101,TMIN,64,,,S,0700
GME00130004,19821101,TMAX,208,,,S,0700
GME00130004,19821201,TMIN,34,,,S,0700
GME00130004,19821201,TMAX,178,,,S,0700
GME00130004,19830101,TMIN,24,,,S,0700
GME00130004,19830101,TMAX,168,,,S,0700
GME00130004,19830201,TMIN,34,,,S,0700
GME00130004,19830201,TMAX,188,,,S,0700
GME00130004,19830301,TMIN,64,,,S,0700
GME00130004,19830301,TMAX,238,,,S,0700
GME00130004,19830401,TMIN,94,,,S,0700
GME00130004,19830401,TMAX,278,,,S,0700
GME00130004,19830501,TMIN,134,,,S,0700
GME00130004,19830501,TMAX,318,,,S,0700
GME00130004,19830601,TMIN,164,,,S,0700
GME00130004,19830601,TMAX,358,,,S,0700
GME00130004,19830701,TMIN,184,,,S,0700
GME00130004,19830701,TMAX,378,,,S,0700
GME00130004,19830801,TMIN,184,,,S,0700
GME00130004,19830801,TMAX,378,,,S,0700
GME00130004,19830901,TMIN,144,,,S,0700
GME00130004,19830901,TMAX,328,,,S,0700
GME00130004,19831001,TMIN,104,,,S,0700
GME00130004,19831001,TMAX,268,,,S,0700
GME00130004,19831101,TMIN,64,,,S,0700
GME00130004,19831101,TMAX,208,,,S,0700
GME00130004,19831201,TMIN,34,,,S,0700
GME00130004,19831201,TMAX,178,,,S,0700
GME00130004,19840101,TMIN,23,,,S,0700
GME00130004,19840101,TMAX,167,,,S,0700
GME00130004,19840201,TMIN,33,,,S,0700
GME00130004,19840201,TMAX,187,,,S,0700
GME00130004,19840301,TMIN,63,,,S,0700
GME00130004,19840301,TMAX,237,,,S,0700
GME00130004,19840401,TMIN,93,,,S,0700
GME00130004,19840401,TMAX,277,,,S,0700
GME00130004,19840501,TMIN,133,,,S,0700
GME00130004,19840501,TMAX,317,,,S,0700
GME00130004,19840601,TMIN,163,,,S,0700
GME00130004,19840601,TMAX,357,,,S,0700
GME00130004,19840701,TMIN,183,,,S,0700
GME00130004,19840701,TMAX,377,,,S,0700
GME00130004,19840801,TMIN,183,,,S,0700
GME00130004,19840801,TMAX,377,,,S,0700
GME00130004,19840901,TMIN,143,,,S,0700
GME00130004,19840901,TMAX,327,,,S,0700
GME00130004,19841001,TMIN,103,,,S,0700
GME00130004,19841001,TMAX,267,,,S,0700
GME00130004,19841101,TMIN,63,,,S,0700
GME00130004,19841101,TMAX,207,,,S,0700
GME00130004,19841201,TMIN,33,,,S,0700
GME00130004,19841201,TMAX,177,,,S,0700
GME00130004,19850101,TMIN,23,,,S,0700
GME00130004,19850101,TMAX,167,,,S,0700
GME00130004,19850201,TMIN,33,,,S,0700
GME00130004,19850201,TMAX,187,,,S,0700
GME00130004,19850301,TMIN,63,,,S,0700
GME00130004,19850301,TMAX,237,,,S,0700
GME00130004,19850401,TMIN,93,,,S,0700
GME00130004,19850401,TMAX,277,,,S,0700
GME00130004,19850501,TMIN,133,,,S,0700
GME00130004,19850501,TMAX,317,,,S,0700
GME00130004,19850601,TMIN,163,,,S,0700
GME00130004,19850601,TMAX,357,,,S,0700
GME00130004,19850701,TMIN,183,,,S,0700
GME00130004,19850701,TMAX,377,,,S,0700
GME00130004,19850801,TMIN,183,,,S,0700
GME00130004,19850801,TMAX,377,,,S,0700
GME00130004,19850901,TMIN,143,,,S,0700
GME00130004,19850901,TMAX,327,,,S,0700
GME00130004,19851001,TMIN,103,,,S,0700
GME00130004,19851001,TMAX,267,,,S,0700
GME00130004,19851101,TMIN,63,,,S,0700
GME00130004,19851101,TMAX,207,,,S,0700
GME00130004,19851201,TMIN,33,,,S,0700
GME00130004,19851201,TMAX,177,,,S,0700
GME00130004,19860101,TMIN,22,,,S,0700
GME00130004,19860101,TMAX,166,,,S,0700
GME00130004,19860201,TMIN,32,,,S,0700
GME00130004,19860201,TMAX,186,,,S,0700
GME00130004,19860301,TMIN,62,,,S,0700
GME00130004,19860301,TMAX,236,,,S,0700
GME00130004,19860401,TMIN,92,,,S,0700
GME00130004,19860401,TMAX,276,,,S,0700
GME00130004,19860501,TMIN,132,,,S,0700
GME00130004,19860501,TMAX,316,,,S,0700
GME00130004,19860601,TMIN,162,,,S,0700
GME00130004,19860601,TMAX,356,,,S,0700
GME00130004,19860701,TMIN,182,,,S,0700
GME00130004,19860701,TMAX,376,,,S,0700
GME00130004,19860801,TMIN,182,,,S,0700
GME00130004,19860801,TMAX,376,,,S,0700
GME00130004,19860901,TMIN,142,,,S,0700
GME00130004,19860901,TMAX,326,,,S,0700
GME00130004,19861001,TMIN,102,,,S,0700
GME00130004,19861001,TMAX,266,,,S,0700
GME00130004,19861101,TMIN,62,,,S,0700
GME00130004,19861101,TMAX,206,,,S,0700
GME00130004,19861201,TMIN,32,,,S,0700
GME00130004,19861201,TMAX,176,,,S,0700
GME00130004,19870101,TMIN,22,,,S,0700
GME00130004,19870101,TMAX,166,,,S,0700
GME00130004,19870201,TMIN,32,,,S,0700
GME00130004,19870201,TMAX,186,,,S,0700
GME00130004,19870301,TMIN,62,,,S,0700
GME00130004,19870301,TMAX,236,,,S,0700
GME00130004,19870401,TMIN,92,,,S,0700
GME00130004,19870401,TMAX,276,,,S,0700
GME00130004,19870501,TMIN,132,,,S,0700
GME00130004,19870501,TMAX,316,,,S,0700
GME00130004,19870601,TMIN,162,,,S,0700
GME00130004,19870601,TMAX,356,,,S,0700
GME00130004,19870701,TMIN,182,,,S,0700
GME00130004,19870701,TMAX,376,,,S,0700
GME00130004,19870801,TMIN,182,,,S,0700
GME00130004,19870801,TMAX,376,,,S,0700
GME00130004,19870901,TMIN,142,,,S,0700
GME00130004,19870901,TMAX,326,,,S,0700
GME00130004,19871001,TMIN,102,,,S,0700
GME00130004,19871001,TMAX,266,,,S,0700
GME00130004,19871101,TMIN,62,,,S,0700
GME00130004,19871101,TMAX,206,,,S,0700
GME00130004,19871201,TMIN,32,,,S,0700
GME00130004,19871201,TMAX,176,,,S,0700
GME00130004,19880101,TMIN,22,,,S,0700
GME00130004,19880101,TMAX,166,,,S,0700
GME00130004,19880201,TMIN,32,,,S,0700
GME00130004,19880201,TMAX,186,,,S,0700
GME00130004,19880301,TMIN,62,,,S,0700
GME00130004,19880301,TMAX,236,,,S,0700
GME00130004,19880401,TMIN,92,,,S,0700
GME00130004,19880401,TMAX,276,,,S,0700
GME00130004,19880501,TMIN,132,,,S,0700
GME00130004,19880501,TMAX,316,,,S,0700
GME00130004,19880601,TMIN,162,,,S,0700
GME00130004,19880601,TMAX,356,,,S,0700
GME00130004,19880701,TMIN,182,,,S,0700
GME00130004,19880701,TMAX,376,,,S,0700
GME00130004,19880801,TMIN,182,,,S,0700
GME00130004,19880801,TMAX,376,,,S,0700
GME00130004,19880901,TMIN,142,,,S,0700
GME00130004,19880901,TMAX,326,,,S,0700
GME00130004,19881001,TMIN,102,,,S,0700
GME00130004,19881001,TMAX,266,,,S,0700
GME00130004,19881101,TMIN,62,,,S,0700
GME00130004,19881101,TMAX,206,,,S,0700
GME00130004,19881201,TMIN,32,,,S,0700
GME00130004,19881201,TMAX,176,,,S,0700
GME00130004,19890101,TMIN,23,,,S,0700
GME00130004,19890101,TMAX,167,,,S,0700
GME00130004,19890201,TMIN,33,,,S,0700
GME00130004,19890201,TMAX,187,,,S,0700
GME00130004,19890301,TMIN,63,,,S,0700
GME00130004,19890301,TMAX,237,,,S,0700
GME00130004,19890401,TMIN,93,,,S,0700
GME00130004,19890401,TMAX,277,,,S,0700
GME00130004,19890501,TMIN,133,,,S,0700
GME00130004,19890501,TMAX,317,,,S,0700
GME00130004,19890601,TMIN,163,,,S,0700
GME00130004,19890601,TMAX,357,,,S,0700
GME00130004,19890701,TMIN,183,,,S,0700
GME00130004,19890701,TMAX,377,,,S,0700
GME00130004,19890801,TMIN,183,,,S,0700
GME00130004,19890801,TMAX,377,,,S,0700
GME00130004,19890901,TMIN,143,,,S,0700
GME00130004,19890901,TMAX,327,,,S,0700
GME00130004,19891001,TMIN,103,,,S,0700
GME00130004,19891001,TMAX,267,,,S,0700
GME00130004,19891101,TMIN,63,,,S,0700
GME00130004,19891101,TMAX,207,,,S,0700
GME00130004,19891201,TMIN,33,,,S,0700
GME00130004,19891201,TMAX,177,,,S,0700
GME00130004,19900101,TMIN,23,,,S,0700
GME00130004,19900101,TMAX,167,,,S,0700
GME00130004,19900201,TMIN,33,,,S,0700
GME00130004,19900201,TMAX,187,,,S,0700
GME00130004,19900301,TMIN,63,,,S,0700
GME00130004,19900301,TMAX,237,,,S,0700
GME00130004,19900401,TMIN,93,,,S,0700
GME00130004,19900401,TMAX,277,,,S,0700
GME00130004,19900501,TMIN,133,,,S,0700
GME00130004,19900501,TMAX,317,,,S,0700
GME00130004,19900601,TMIN,163,,,S,0700
GME00130004,19900601,TMAX,357,,,S,0700
GME00130004,19900701,TMIN,183,,,S,0700
GME00130004,19900701,TMAX,377,,,S,0700
GME00130004,19900801,TMIN,183,,,S,0700
GME00130004,19900801,TMAX,377,,,S,0700
GME00130004,19900901,TMIN,143,,,S,0700
GME00130004,19900901,TMAX,327,,,S,0700
GME00130004,19901001,TMIN,103,,,S,0700
GME00130004,19901001,TMAX,267,,,S,0700
GME00130004,19901101,TMIN,63,,,S,0700
GME00130004,19901101,TMAX,207,,,S,0700
GME00130004,19901201,TMIN,33,,,S,0700
GME00130004,19901201,TMAX,177,,,S,0700
GME00130004,19910101,TMIN,24,,,S,0700
GME00130004,19910101,TMAX,168,,,S,0700
GME00130004,19910201,TMIN,34,,,S,0700
GME00130004,19910201,TMAX,188,,,S,0700
GME00130004,19910301,TMIN,64,,,S,0700
GME00130004,19910301,TMAX,238,,,S,0700
GME00130004,19910401,TMIN,94,,,S,0700
GME00130004,19910401,TMAX,278,,,S,0700
GME00130004,19910501,TMIN,134,,,S,0700
GME00130004,19910501,TMAX,318,,,S,0700
GME00130004,19910601,TMIN,164,,,S,0700
GME00130004,19910601,TMAX,358,,,S,0700
GME00130004,19910701,TMIN,184,,,S,0700
GME00130004,19910701,TMAX,378,,,S,0700
GME00130004,19910801,TMIN,184,,,S,0700
GME00130004,19910801,TMAX,378,,,S,0700
GME00130004,19910901,TMIN,144,,,S,0700
GME00130004,19910901,TMAX,328,,,S,0700
GME00130004,19911001,TMIN,104,,,S,0700
GME00130004,19911001,TMAX,268,,,S,0700
GME00130004,19911101,TMIN,64,,,S,0700
GME00130004,19911101,TMAX,208,,,S,0700
GME00130004,19911201,TMIN,34,,,S,0700
GME00130004,19911201,TMAX,178,,,S,0700
GME00130004,19920101,TMIN,25,,,S,0700
GME00130004,19920101,TMAX,169,,,S,0700
GME00130004,19920201,TMIN,35,,,S,0700
GME00130004,19920201,TMAX,189,,,S,0700
GME00130004,19920301,TMIN,65,,,S,0700
GME00130004,19920301,TMAX,239,,,S,0700
GME00130004,19920401,TMIN,95,,,S,0700
GME00130004,19920401,TMAX,279,,,S,0700
GME00130004,19920501,TMIN,135,,,S,0700
GME00130004,19920501,TMAX,319,,,S,0700
GME00130004,19920601,TMIN,165,,,S,0700
GME00130004,19920601,TMAX,359,,,S,0700
GME00130004,19920701,TMIN,185,,,S,0700
GME00130004,19920701,TMAX,379,,,S,0700
GME00130004,19920801,TMIN,185,,,S,0700
GME00130004,19920801,TMAX,379,,,S,0700
GME00130004,19920901,TMIN,145,,,S,0700
GME00130004,19920901,TMAX,329,,,S,0700
GME00130004,19921001,TMIN,105,,,S,0700
GME00130004,19921001,TMAX,269,,,S,0700
GME00130004,19921101,TMIN,65,,,S,0700
GME00130004,19921101,TMAX,209,,,S,0700
GME00130004,19921201,TMIN,35,,,S,0700
GME00130004,19921201,TMAX,179,,,S,0700
GME00130004,19930101,TMIN,26,,,S,0700
GME00130004,19930101,TMAX,170,,,S,0700
GME00130004,19930201,TMIN,36,,,S,0700
GME00130004,19930201,TMAX,190,,,S,0700
GME00130004,19930301,TMIN,66,,,S,0700
GME00130004,19930301,TMAX,240,,,S,0700
GME00130004,19930401,TMIN,96,,,S,0700
GME00130004,19930401,TMAX,280,,,S,0700
GME00130004,19930501,TMIN,136,,,S,0700
GME00130004,19930501,TMAX,320,,,S,0700
GME00130004,19930601,TMIN,166,,,S,0700
GME00130004,19930601,TMAX,360,,,S,0700
GME00130004,19930701,TMIN,186,,,S,0700
GME00130004,19930701,TMAX,380,,,S,0700
GME00130004,19930801,TMIN,186,,,S,0700
GME00130004,19930801,TMAX,380,,,S,0700
GME00130004,19930901,TMIN,146,,,S,0700
GME00130004,19930901,TMAX,330,,,S,0700
GME00130004,19931001,TMIN,106,,,S,0700
GME00130004,19931001,TMAX,270,,,S,0700
GME00130004,19931101,TMIN,66,,,S,0700
GME00130004,19931101,TMAX,210,,,S,0700
GME00130004,19931201,TMIN,36,,,S,0700
GME00130004,19931201,TMAX,180,,,S,0700
GME00130004,19940101,TMIN,27,,,S,0700
GME00130004,19940101,TMAX,171,,,S,0700
GME00130004,19940201,TMIN,37,,,S,0700
GME00130004,19940201,TMAX,191,,,S,0700
GME00130004,19940301,TMIN,67,,,S,0700
GME00130004,19940301,TMAX,241,,,S,0700
GME00130004,19940401,TMIN,97,,,S,0700
GME00130004,19940401,TMAX,281,,,S,0700
GME00130004,19940501,TMIN,137,,,S,0700
GME00130004,19940501,TMAX,321,,,S,0700
GME00130004,19940601,TMIN,167,,,S,0700
GME00130004,19940601,TMAX,361,,,S,0700
GME00130004,19940701,TMIN,187,,,S,0700
GME00130004,19940701,TMAX,381,,,S,0700
GME00130004,19940801,TMIN,187,,,S,0700
GME00130004,19940801,TMAX,381,,,S,0700
GME00130004,19940901,TMIN,147,,,S,0700
GME00130004,19940901,TMAX,331,,,S,0700
GME00130004,19941001,TMIN,107,,,S,0700
GME00130004,19941001,TMAX,271,,,S,0700
GME00130004,19941101,TMIN,67,,,S,0700
GME00130004,19941101,TMAX,211,,,S,0700
GME00130004,19941201,TMIN,37,,,S,0700
GME00130004,19941201,TMAX,181,,,S,0700
GME00130004,19950101,TMIN,28,,,S,0700
GME00130004,19950101,TMAX,172,,,S,0700
GME00130004,19950201,TMIN,38,,,S,0700
GME00130004,19950201,TMAX,192,,,S,0700
GME00130004,19950301,TMIN,68,,,S,0700
GME00130004,19950301,TMAX,242,,,S,0700
GME00130004,19950401,TMIN,98,,,S,0700
GME00130004,19950401,TMAX,282,,,S,0700
GME00130004,19950501,TMIN,138,,,S,0700
GME00130004,19950501,TMAX,322,,,S,0700
GME00130004,19950601,TMIN,168,,,S,0700
GME00130004,19950601,TMAX,362,,,S,0700
GME00130004,19950701,TMIN,188,,,S,0700
GME00130004,19950701,TMAX,382,,,S,0700
GME00130004,19950801,TMIN,188,,,S,0700
GME00130004,19950801,TMAX,382,,,S,0700
GME00130004,19950901,TMIN,148,,,S,0700
GME00130004,19950901,TMAX,332,,,S,0700
GME00130004,19951001,TMIN,108,,,S,0700
GME00130004,19951001,TMAX,272,,,S,0700
GME00130004,19951101,TMIN,68,,,S,0700
GME00130004,19951101,TMAX,212,,,S,0700
GME00130004,19951201,TMIN,38,,,S,0700
GME00130004,19951201,TMAX,182,,,S,0700
GME00130004,19960101,TMIN,29,,,S,0700
GME00130004,19960101,TMAX,173,,,S,0700
GME00130004,19960201,TMIN,39,,,S,0700
GME00130004,19960201,TMAX,193,,,S,0700
GME00130004,19960301,TMIN,69,,,S,0700
GME00130004,19960301,TMAX,243,,,S,0700
GME00130004,19960401,TMIN,99,,,S,0700
GME00130004,19960401,TMAX,283,,,S,0700
GME00130004,19960501,TMIN,139,,,S,0700
GME00130004,19960501,TMAX,323,,,S,0700
GME00130004,19960601,TMIN,169,,,S,0700
GME00130004,19960601,TMAX,363,,,S,0700
GME00130004,19960701,TMIN,189,,,S,0700
GME00130004,19960701,TMAX,383,,,S,0700
GME00130004,19960801,TMIN,189,,,S,0700
GME00130004,19960801,TMAX,383,,,S,0700
GME00130004,19960901,TMIN,149,,,S,0700
GME00130004,19960901,TMAX,333,,,S,0700
GME00130004,19961001,TMIN,109,,,S,0700
GME00130004,19961001,TMAX,273,,,S,0700
GME00130004,19961101,TMIN,69,,,S,0700
GME00130004,19961101,TMAX,213,,,S,0700
GME00130004,19961201,TMIN,39,,,S,0700
GME00130004,19961201,TMAX,183,,,S,0700
GME00130004,19970101,TMIN,31,,,S,0700
GME00130004,19970101,TMAX,175,,,S,0700
GME00130004,19970201,TMIN,41,,,S,0700
GME00130004,19970201,TMAX,195,,,S,0700
GME00130004,19970301,TMIN,71,,,S,0700
GME00130004,19970301,TMAX,245,,,S,0700
GME00130004,19970401,TMIN,101,,,S,0700
GME00130004,19970401,TMAX,285,,,S,0700
GME00130004,19970501,TMIN,141,,,S,0700
GME00130004,19970501,TMAX,325,,,S,0700
GME00130004,19970601,TMIN,171,,,S,0700
GME00130004,19970601,TMAX,365,,,S,0700
GME00130004,19970701,TMIN,191,,,S,0700
GME00130004,19970701,TMAX,385,,,S,0700
GME00130004,19970801,TMIN,191,,,S,0700
GME00130004,19970801,TMAX,385,,,S,0700
GME00130004,19970901,TMIN,151,,,S,0700
GME00130004,19970901,TMAX,335,,,S,0700
GME00130004,19971001,TMIN,111,,,S,0700
GME00130004,19971001,TMAX,275,,,S,0700
GME00130004,19971101,TMIN,71,,,S,0700
GME00130004,19971101,TMAX,215,,,S,0700
GME00130004,19971201,TMIN,41,,,S,0700
GME00130004,19971201,TMAX,185,,,S,0700
GME00130004,19980101,TMIN,32,,,S,0700
GME00130004,19980101,TMAX,176,,,S,0700
GME00130004,19980201,TMIN,42,,,S,0700
GME00130004,19980201,TMAX,196,,,S,0700
GME00130004,19980301,TMIN,72,,,S,0700
GME00130004,19980301,TMAX,246,,,S,0700
GME00130004,19980401,TMIN,102,,,S,0700
GME00130004,19980401,TMAX,286,,,S,0700
GME00130004,19980501,TMIN,142,,,S,0700
GME00130004,19980501,TMAX,326,,,S,0700
GME00130004,19980601,TMIN,172,,,S,0700
GME00130004,19980601,TMAX,366,,,S,0700
GME00130004,19980701,TMIN,192,,,S,0700
GME00130004,19980701,TMAX,386,,,S,0700
GME00130004,19980801,TMIN,192,,,S,0700
GME00130004,19980801,TMAX,386,,,S,0700
GME00130004,19980901,TMIN,152,,,S,0700
GME00130004,19980901,TMAX,336,,,S,0700
GME00130004,19981001,TMIN,112,,,S,0700
GME00130004,19981001,TMAX,276,,,S,0700
GME00130004,19981101,TMIN,72,,,S,0700
GME00130004,19981101,TMAX,216,,,S,0700
GME00130004,19981201,TMIN,42,,,S,0700
GME00130004,19981201,TMAX,186,,,S,0700
GME00130004,19990101,TMIN,33,,,S,0700
GME00130004,19990101,TMAX,177,,,S,0700
GME00130004,19990201,TMIN,43,,,S,0700
GME00130004,19990201,TMAX,197,,,S,0700
GME00130004,19990301,TMIN,73,,,S,0700
GME00130004,19990301,TMAX,247,,,S,0700
GME00130004,19990401,TMIN,103,,,S,0700
GME00130004,19990401,TMAX,287,,,S,0700
GME00130004,19990501,TMIN,143,,,S,0700
GME00130004,19990501,TMAX,327,,,S,0700
GME00130004,19990601,TMIN,173,,,S,0700
GME00130004,19990601,TMAX,367,,,S,0700
GME00130004,19990701,TMIN,193,,,S,0700
GME00130004,19990701,TMAX,387,,,S,0700
GME00130004,19990801,TMIN,193,,,S,0700
GME00130004,19990801,TMAX,387,,,S,0700
GME00130004,19990901,TMIN,153,,,S,0700
GME00130004,19990901,TMAX,337,,,S,0700
GME00130004,19991001,TMIN,113,,,S,0700
GME00130004,19991001,TMAX,277,,,S,0700
GME00130004,19991101,TMIN,73,,,S,0700
GME00130004,19991101,TMAX,217,,,S,0700
GME00130004,19991201,TMIN,43,,,S,0700
GME00130004,19991201,TMAX,187,,,S,0700
GME00130004,20000101,TMIN,33,,,S,0700
GME00130004,20000101,TMAX,177,,,S,0700
GME00130004,20000201,TMIN,43,,,S,0700
GME00130004,20000201,TMAX,197,,,S,0700
GME00130004,20000301,TMIN,73,,,S,0700
GME00130004,20000301,TMAX,247,,,S,0700
GME00130004,20000401,TMIN,103,,,S,0700
GME00130004,20000401,TMAX,287,,,S,0700
GME00130004,20000501,TMIN,143,,,S,0700
GME00130004,20000501,TMAX,327,,,S,0700
GME00130004,20000601,TMIN,173,,,S,0700
GME00130004,20000601,TMAX,367,,,S,0700
GME00130004,20000701,TMIN,193,,,S,0700
GME00130004,20000701,TMAX,387,,,S,0700
GME00130004,20000801,TMIN,193,,,S,0700
GME00130004,20000801,TMAX,387,,,S,0700
GME00130004,20000901,TMIN,153,,,S,0700
GME00130004,20000901,TMAX,337,,,S,0700
GME00130004,20001001,TMIN,113,,,S,0700
GME00130004,20001001,TMAX,277,,,S,0700
GME00130004,20001101,TMIN,73,,,S,0700
GME00130004,20001101,TMAX,217,,,S,0700
GME00130004,20001201,TMIN,43,,,S,0700
GME00130004,20001201,TMAX,187,,,S,0700
GME00130004,20010101,TMIN,34,,,S,0700
GME00130004,20010101,TMAX,178,,,S,0700
GME00130004,20010201,TMIN,44,,,S,0700
GME00130004,20010201,TMAX,198,,,S,0700
GME00130004,20010301,TMIN,74,,,S,0700
GME00130004,20010301,TMAX,248,,,S,0700
GME00130004,20010401,TMIN,104,,,S,0700
GME00130004,20010401,TMAX,288,,,S,0700
GME00130004,20010501,TMIN,144,,,S,0700
GME00130004,20010501,TMAX,328,,,S,0700
GME00130004,20010601,TMIN,174,,,S,0700
GME00130004,20010601,TMAX,368,,,S,0700
GME00130004,20010701,TMIN,194,,,S,0700
GME00130004,20010701,TMAX,388,,,S,0700
GME00130004,20010801,TMIN,194,,,S,0700
GME00130004,20010801,TMAX,388,,,S,0700
GME00130004,20010901,TMIN,154,,,S,0700
GME00130004,20010901,TMAX,338,,,S,0700
GME00130004,20011001,TMIN,114,,,S,0700
GME00130004,20011001,TMAX,278,,,S,0700
GME00130004,20011101,TMIN,74,,,S,0700
GME00130004,20011101,TMAX,218,,,S,0700
GME00130004,20011201,TMIN,44,,,S,0700
GME00130004,20011201,TMAX,188,,,S,0700
GME00130004,20020101,TMIN,34,,,S,0700
GME00130004,20020101,TMAX,178,,,S,0700
GME00130004,20020201,TMIN,44,,,S,0700
GME00130004,20020201,TMAX,198,,,S,0700
GME00130004,20020301,TMIN,74,,,S,0700
GME00130004,20020301,TMAX,248,,,S,0700
GME00130004,20020401,TMIN,104,,,S,0700
GME00130004,20020401,TMAX,288,,,S,0700
GME00130004,20020501,TMIN,144,,,S,0700
GME00130004,20020501,TMAX,328,,,S,0700
GME00130004,20020601,TMIN,174,,,S,0700
GME00130004,20020601,TMAX,368,,,S,0700
GME00130004,20020701,TMIN,194,,,S,0700
GME00130004,20020701,TMAX,388,,,S,0700
GME00130004,20020801,TMIN,194,,,S,0700
GME00130004,20020801,TMAX,388,,,S,0700
GME00130004,20020901,TMIN,154,,,S,0700
GME00130004,20020901,TMAX,338,,,S,0700
GME00130004,20021001,TMIN,114,,,S,0700
GME00130004,20021001,TMAX,278,,,S,0700
GME00130004,20021101,TMIN,74,,,S,0700
GME00130004,20021101,TMAX,218,,,S,0700
GME00130004,20021201,TMIN,44,,,S,0700
GME00130004,20021201,TMAX,188,,,S,0700
GME00130004,20030101,TMIN,34,,,S,0700
GME00130004,20030101,TMAX,178,,,S,0700
GME00130004,20030201,TMIN,44,,,S,0700
GME00130004,20030201,TMAX,198,,,S,0700
GME00130004,20030301,TMIN,74,,,S,0700
GME00130004,20030301,TMAX,248,,,S,0700
GME00130004,20030401,TMIN,104,,,S,0700
GME00130004,20030401,TMAX,288,,,S,0700
GME00130004,20030501,TMIN,144,,,S,0700
GME00130004,20030501,TMAX,328,,,S,0700
GME00130004,20030601,TMIN,174,,,S,0700
GME00130004,20030601,TMAX,368,,,S,0700
GME00130004,20030701,TMIN,194,,,S,0700
GME00130004,20030701,TMAX,388,,,S,0700
GME00130004,20030801,TMIN,194,,,S,0700
GME00130004,20030801,TMAX,388,,,S,0700
GME00130004,20030901,TMIN,154,,,S,0700
GME00130004,20030901,TMAX,338,,,S,0700
GME00130004,20031001,TMIN,114,,,S,0700
GME00130004,20031001,TMAX,278,,,S,0700
GME00130004,20031101,TMIN,74,,,S,0700
GME00130004,20031101,TMAX,218,,,S,0700
GME00130004,20031201,TMIN,44,,,S,0700
GME00130004,20031201,TMAX,188,,,S,0700
GME00130004,20040101,TMIN,34,,,S,0700
GME00130004,20040101,TMAX,178,,,S,0700
GME00130004,20040201,TMIN,44,,,S,0700
GME00130004,20040201,TMAX,198,,,S,0700
GME00130004,20040301,TMIN,74,,,S,0700
GME00130004,20040301,TMAX,248,,,S,0700
GME00130004,20040401,TMIN,104,,,S,0700
GME00130004,20040401,TMAX,288,,,S,0700
GME00130004,20040501,TMIN,144,,,S,0700
GME00130004,20040501,TMAX,328,,,S,0700
GME00130004,20040601,TMIN,174,,,S,0700
GME00130004,20040601,TMAX,368,,,S,0700
GME00130004,20040701,TMIN,194,,,S,0700
GME00130004,20040701,TMAX,388,,,S,0700
GME00130004,20040801,TMIN,194,,,S,0700
GME00130004,20040801,TMAX,388,,,S,0700
GME00130004,20040901,TMIN,154,,,S,0700
GME00130004,20040901,TMAX,338,,,S,0700
GME00130004,20041001,TMIN,114,,,S,0700
GME00130004,20041001,TMAX,278,,,S,0700
GME00130004,20041101,TMIN,74,,,S,0700
GME00130004,20041101,TMAX,218,,,S,0700
GME00130004,20041201,TMIN,44,,,S,0700
GME00130004,20041201,TMAX,188,,,S,0700
GME00130004,20050101,TMIN,34,,,S,0700
GME00130004,20050101,TMAX,178,,,S,0700
GME00130004,20050201,TMIN,44,,,S,0700
GME00130004,20050201,TMAX,198,,,S,0700
GME00130004,20050301,TMIN,74,,,S,0700
GME00130004,20050301,TMAX,248,,,S,0700
GME00130004,20050401,TMIN,104,,,S,0700
GME00130004,20050401,TMAX,288,,,S,0700
GME00130004,20050501,TMIN,144,,,S,0700
GME00130004,20050501,TMAX,328,,,S,0700
GME00130004,20050601,TMIN,174,,,S,0700
GME00130004,20050601,TMAX,368,,,S,0700
GME00130004,20050701,TMIN,194,,,S,0700
GME00130004,20050701,TMAX,388,,,S,0700
GME00130004,20050801,TMIN,194,,,S,0700
GME00130004,20050801,TMAX,388,,,S,0700
GME00130004,20050901,TMIN,154,,,S,0700
GME00130004,20050901,TMAX,338,,,S,0700
GME00130004,20051001,TMIN,114,,,S,0700
GME00130004,20051001,TMAX,278,,,S,0700
GME00130004,20051101,TMIN,74,,,S,0700
GME00130004,20051101,TMAX,218,,,S,0700
GME00130004,20051201,TMIN,44,,,S,0700
GME00130004,20051201,TMAX,188,,,S,0700
GME00130004,20060101,TMIN,34,,,S,0700
GME00130004,20060101,TMAX,178,,,S,0700
GME00130004,20060201,TMIN,44,,,S,0700
GME00130004,20060201,TMAX,198,,,S,0700
GME00130004,20060301,TMIN,74,,,S,0700
GME00130004,20060301,TMAX,248,,,S,0700
GME00130004,20060401,TMIN,104,,,S,0700
GME00130004,20060401,TMAX,288,,,S,0700
GME00130004,20060501,TMIN,144,,,S,0700
GME00130004,20060501,TMAX,328,,,S,0700
GME00130004,20060601,TMIN,174,,,S,0700
GME00130004,20060601,TMAX,368,,,S,0700
GME00130004,20060701,TMIN,194,,,S,0700
GME00130004,20060701,TMAX,388,,,S,0700
GME00130004,20060801,TMIN,194,,,S,0700
GME00130004,20060801,TMAX,388,,,S,0700
GME00130004,20060901,TMIN,154,,,S,0700
GME00130004,20060901,TMAX,338,,,S,0700
GME00130004,20061001,TMIN,114,,,S,0700
GME00130004,20061001,TMAX,278,,,S,0700
GME00130004,20061101,TMIN,74,,,S,0700
GME00130004,20061101,TMAX,218,,,S,0700
GME00130004,20061201,TMIN,44,,,S,0700
GME00130004,20061201,TMAX,188,,,S,0700
GME00130004,20070101,TMIN,33,,,S,0700
GME00130004,20070101,TMAX,177,,,S,0700
GME00130004,20070201,TMIN,43,,,S,0700
GME00130004,20070201,TMAX,197,,,S,0700
GME00130004,20070301,TMIN,73,,,S,0700
GME00130004,20070301,TMAX,247,,,S,0700
GME00130004,20070401,TMIN,103,,,S,0700
GME00130004,20070401,TMAX,287,,,S,0700
GME00130004,20070501,TMIN,143,,,S,0700
GME00130004,20070501,TMAX,327,,,S,0700
GME00130004,20070601,TMIN,173,,,S,0700
GME00130004,20070601,TMAX,367,,,S,0700
GME00130004,20070701,TMIN,193,,,S,0700
GME00130004,20070701,TMAX,387,,,S,0700
GME00130004,20070801,TMIN,193,,,S,0700
GME00130004,20070801,TMAX,387,,,S,0700
GME00130004,20070901,TMIN,153,,,S,0700
GME00130004,20070901,TMAX,337,,,S,0700
GME00130004,20071001,TMIN,113,,,S,0700
GME00130004,20071001,TMAX,277,,,S,0700
GME00130004,20071101,TMIN,73,,,S,0700
GME00130004,20071101,TMAX,217,,,S,0700
GME00130004,20071201,TMIN,43,,,S,0700
GME00130004,20071201,TMAX,187,,,S,0700
GME00130004,20080101,TMIN,33,,,S,0700
GME00130004,20080101,TMAX,177,,,S,0700
GME00130004,20080201,TMIN,43,,,S,0700
GME00130004,20080201,TMAX,197,,,S,0700
GME00130004,20080301,TMIN,73,,,S,0700
GME00130004,20080301,TMAX,247,,,S,0700
GME00130004,20080401,TMIN,103,,,S,0700
GME00130004,20080401,TMAX,287,,,S,0700
GME00130004,20080501,TMIN,143,,,S,0700
GME00130004,20080501,TMAX,327,,,S,0700
GME00130004,20080601,TMIN,173,,,S,0700
GME00130004,20080601,TMAX,367,,,S,0700
GME00130004,20080701,TMIN,193,,,S,0700
GME00130004,20080701,TMAX,387,,,S,0700
GME00130004,20080801,TMIN,193,,,S,0700
GME00130004,20080801,TMAX,387,,,S,0700
GME00130004,20080901,TMIN,153,,,S,0700
GME00130004,20080901,TMAX,337,,,S,0700
GME00130004,20081001,TMIN,113,,,S,0700
GME00130004,20081001,TMAX,277,,,S,0700
GME00130004,20081101,TMIN,73,,,S,0700
GME00130004,20081101,TMAX,217,,,S,0700
GME00130004,20081201,TMIN,43,,,S,0700
GME00130004,20081201,TMAX,187,,,S,0700
GME00130004,20090101,TMIN,32,,,S,0700
GME00130004,20090101,TMAX,176,,,S,0700
GME00130004,20090201,TMIN,42,,,S,0700
GME00130004,20090201,TMAX,196,,,S,0700
GME00130004,20090301,TMIN,72,,,S,0700
GME00130004,20090301,TMAX,246,,,S,0700
GME00130004,20090401,TMIN,102,,,S,0700
GME00130004,20090401,TMAX,286,,,S,0700
GME00130004,20090501,TMIN,142,,,S,0700
GME00130004,20090501,TMAX,326,,,S,0700
GME00130004,20090601,TMIN,172,,,S,0700
GME00130004,20090601,TMAX,366,,,S,0700
GME00130004,20090701,TMIN,192,,,S,0700
GME00130004,20090701,TMAX,386,,,S,0700
GME00130004,20090801,TMIN,192,,,S,0700
GME00130004,20090801,TMAX,386,,,S,0700
GME00130004,20090901,TMIN,152,,,S,0700
GME00130004,20090901,TMAX,336,,,S,0700
GME00130004,20091001,TMIN,112,,,S,0700
GME00130004,20091001,TMAX,276,,,S,0700
GME00130004,20091101,TMIN,72,,,S,0700
GME00130004,20091101,TMAX,216,,,S,0700
GME00130004,20091201,TMIN,42,,,S,0700
GME00130004,20091201,TMAX,186,,,S,0700
GME00130004,20100101,TMIN,32,,,S,0700
GME00130004,20100101,TMAX,176,,,S,0700
GME00130004,20100201,TMIN,42,,,S,0700
GME00130004,20100201,TMAX,196,,,S,0700
GME00130004,20100301,TMIN,72,,,S,0700
GME00130004,20100301,TMAX,246,,,S,0700
GME00130004,20100401,TMIN,102,,,S,0700
GME00130004,20100401,TMAX,286,,,S,0700
GME00130004,20100501,TMIN,142,,,S,0700
GME00130004,20100501,TMAX,326,,,S,0700
GME00130004,20100601,TMIN,172,,,S,0700
GME00130004,20100601,TMAX,366,,,S,0700
GME00130004,20100701,TMIN,192,,,S,0700
GME00130004,20100701,TMAX,386,,,S,0700
GME00130004,20100801,TMIN,192,,,S,0700
GME00130004,20100801,TMAX,386,,,S,0700
GME00130004,20100901,TMIN,152,,,S,0700
GME00130004,20100901,TMAX,336,,,S,0700
GME00130004,20101001,TMIN,112,,,S,0700
GME00130004,20101001,TMAX,276,,,S,0700
GME00130004,20101101,TMIN,72,,,S,0700
GME00130004,20101101,TMAX,216,,,S,0700
GME00130004,20101201,TMIN,42,,,S,0700
GME00130004,20101201,TMAX,186,,,S,0700
GME00130004,20110101,TMIN,31,,,S,0700
GME00130004,20110101,TMAX,175,,,S,0700
GME00130004,20110201,TMIN,41,,,S,0700
GME00130004,20110201,TMAX,195,,,S,0700
GME00130004,20110301,TMIN,71,,,S,0700
GME00130004,20110301,TMAX,245,,,S,0700
GME00130004,20110401,TMIN,101,,,S,0700
GME00130004,20110401,TMAX,285,,,S,0700
GME00130004,20110501,TMIN,141,,,S,0700
GME00130004,20110501,TMAX,325,,,S,0700
GME00130004,20110601,TMIN,171,,,S,0700
GME00130004,20110601,TMAX,365,,,S,0700
GME00130004,20110701,TMIN,191,,,S,0700
GME00130004,20110701,TMAX,385,,,S,0700
GME00130004,20110801,TMIN,191,,,S,0700
GME00130004,20110801,TMAX,385,,,S,0700
GME00130004,20110901,TMIN,151,,,S,0700
GME00130004,20110901,TMAX,335,,,S,0700
GME00130004,20111001,TMIN,111,,,S,0700
GME00130004,20111001,TMAX,275,,,S,0700
GME00130004,20111101,TMIN,71,,,S,0700
GME00130004,20111101,TMAX,215,,,S,0700
GME00130004,20111201,TMIN,41,,,S,0700
GME00130004,20111201,TMAX,185,,,S,0700
GME00130004,20120101,TMIN,31,,,S,0700
GME00130004,20120101,TMAX,175,,,S,0700
GME00130004,20120201,TMIN,41,,,S,0700
GME00130004,20120201,TMAX,195,,,S,0700
GME00130004,20120301,TMIN,71,,,S,0700
GME00130004,20120301,TMAX,245,,,S,0700
GME00130004,20120401,TMIN,101,,,S,0700
GME00130004,20120401,TMAX,285,,,S,0700
GME00130004,20120501,TMIN,141,,,S,0700
GME00130004,20120501,TMAX,325,,,S,0700
GME00130004,20120601,TMIN,171,,,S,0700
GME00130004,20120601,TMAX,365,,,S,0700
GME00130004,20120701,TMIN,191,,,S,0700
GME00130004,20120701,TMAX,385,,,S,0700
GME00130004,20120801,TMIN,191,,,S,0700
GME00130004,20120801,TMAX,385,,,S,0700
GME00130004,20120901,TMIN,151,,,S,0700
GME00130004,20120901,TMAX,335,,,S,0700
GME00130004,20121001,TMIN,111,,,S,0700
GME00130004,20121001,TMAX,275,,,S,0700
GME00130004,20121101,TMIN,71,,,S,0700
GME00130004,20121101,TMAX,215,,,S,0700
GME00130004,20121201,TMIN,41,,,S,0700
GME00130004,20121201,TMAX,185,,,S,0700
GME00130004,20130101,TMIN,31,,,S,0700
GME00130004,20130101,TMAX,175,,,S,0700
GME00130004,20130201,TMIN,41,,,S,0700
GME00130004,20130201,TMAX,195,,,S,0700
GME00130004,20130301,TMIN,71,,,S,0700
GME00130004,20130301,TMAX,245,,,S,0700
GME00130004,20130401,TMIN,101,,,S,0700
GME00130004,20130401,TMAX,285,,,S,0700
GME00130004,20130501,TMIN,141,,,S,0700
GME00130004,20130501,TMAX,325,,,S,0700
GME00130004,20130601,TMIN,171,,,S,0700
GME00130004,20130601,TMAX,365,,,S,0700
GME00130004,20130701,TMIN,191,,,S,0700
GME00130004,20130701,TMAX,385,,,S,0700
GME00130004,20130801,TMIN,191,,,S,0700
GME00130004,20130801,TMAX,385,,,S,0700
GME00130004,20130901,TMIN,151,,,S,0700
GME00130004,20130901,TMAX,335,,,S,0700
GME00130004,20131001,TMIN,111,,,S,0700
GME00130004,20131001,TMAX,275,,,S,0700
GME00130004,20131101,TMIN,71,,,S,0700
GME00130004,20131101,TMAX,215,,,S,0700
GME00130004,20131201,TMIN,41,,,S,0700
GME00130004,20131201,TMAX,185,,,S,0700
GME00130004,20140101,TMIN,31,,,S,0700
GME00130004,20140101,TMAX,175,,,S,0700
GME00130004,20140201,TMIN,41,,,S,0700
GME00130004,20140201,TMAX,195,,,S,0700
GME00130004,20140301,TMIN,71,,,S,0700
GME00130004,20140301,TMAX,245,,,S,0700
GME00130004,20140401,TMIN,101,,,S,0700
GME00130004,20140401,TMAX,285,,,S,0700
GME00130004,20140501,TMIN,141,,,S,0700
GME00130004,20140501,TMAX,325,,,S,0700
GME00130004,20140601,TMIN,171,,,S,0700
GME00130004,20140601,TMAX,365,,,S,0700
GME00130004,20140701,TMIN,191,,,S,0700
GME00130004,20140701,TMAX,385,,,S,0700
GME00130004,20140801,TMIN,191,,,S,0700
GME00130004,20140801,TMAX,385,,,S,0700
GME00130004,20140901,TMIN,151,,,S,0700
GME00130004,20140901,TMAX,335,,,S,0700
GME00130004,20141001,TMIN,111,,,S,0700
GME00130004,20141001,TMAX,275,,,S,0700
GME00130004,20141101,TMIN,71,,,S,0700
GME00130004,20141101,TMAX,215,,,S,0700
GME00130004,20141201,TMIN,41,,,S,0700
GME00130004,20141201,TMAX,185,,,S,0700
GME00130004,20150101,TMIN,32,,,S,0700
GME00130004,20150101,TMAX,176,,,S,0700
GME00130004,20150201,TMIN,42,,,S,0700
GME00130004,20150201,TMAX,196,,,S,0700
GME00130004,20150301,TMIN,72,,,S,0700
GME00130004,20150301,TMAX,246,,,S,0700
GME00130004,20150401,TMIN,102,,,S,0700
GME00130004,20150401,TMAX,286,,,S,0700
GME00130004,20150501,TMIN,142,,,S,0700
GME00130004,20150501,TMAX,326,,,S,0700
GME00130004,20150601,TMIN,172,,,S,0700
GME00130004,20150601,TMAX,366,,,S,0700
GME00130004,20150701,TMIN,192,,,S,0700
GME00130004,20150701,TMAX,386,,,S,0700
GME00130004,20150801,TMIN,192,,,S,0700
GME00130004,20150801,TMAX,386,,,S,0700
GME00130004,20150901,TMIN,152,,,S,0700
GME00130004,20150901,TMAX,336,,,S,0700
GME00130004,20151001,TMIN,112,,,S,0700
GME00130004,20151001,TMAX,276,,,S,0700
GME00130004,20151101,TMIN,72,,,S,0700
GME00130004,20151101,TMAX,216,,,S,0700
GME00130004,20151201,TMIN,42,,,S,0700
GME00130004,20151201,TMAX,186,,,S,0700
GME00130004,20160101,TMIN,33,,,S,0700
GME00130004,20160101,TMAX,177,,,S,0700
GME00130004,20160201,TMIN,43,,,S,0700
GME00130004,20160201,TMAX,197,,,S,0700
GME00130004,20160301,TMIN,73,,,S,0700
GME00130004,20160301,TMAX,247,,,S,0700
GME00130004,20160401,TMIN,103,,,S,0700
GME00130004,20160401,TMAX,287,,,S,0700
GME00130004,20160501,TMIN,143,,,S,0700
GME00130004,20160501,TMAX,327,,,S,0700
GME00130004,20160601,TMIN,173,,,S,0700
GME00130004,20160601,TMAX,367,,,S,0700
GME00130004,20160701,TMIN,193,,,S,0700
GME00130004,20160701,TMAX,387,,,S,0700
GME00130004,20160801,TMIN,193,,,S,0700
GME00130004,20160801,TMAX,387,,,S,0700
GME00130004,20160901,TMIN,153,,,S,0700
GME00130004,20160901,TMAX,337,,,S,0700
GME00130004,20161001,TMIN,113,,,S,0700
GME00130004,20161001,TMAX,277,,,S,0700
GME00130004,20161101,TMIN,73,,,S,0700
GME00130004,20161101,TMAX,217,,,S,0700
GME00130004,20161201,TMIN,43,,,S,0700
GME00130004,20161201,TMAX,187,,,S,0700
GME00130004,20170101,TMIN,33,,,S,0700
GME00130004,20170101,TMAX,177,,,S,0700
GME00130004,20170201,TMIN,43,,,S,0700
GME00130004,20170201,TMAX,197,,,S,0700
GME00130004,20170301,TMIN,73,,,S,0700
GME00130004,20170301,TMAX,247,,,S,0700
GME00130004,20170401,TMIN,103,,,S,0700
GME00130004,20170401,TMAX,287,,,S,0700
GME00130004,20170501,TMIN,143,,,S,0700
GME00130004,20170501,TMAX,327,,,S,0700
GME00130004,20170601,TMIN,173,,,S,0700
GME00130004,20170601,TMAX,367,,,S,0700
GME00130004,20170701,TMIN,193,,,S,0700
GME00130004,20170701,TMAX,387,,,S,0700
GME00130004,20170801,TMIN,193,,,S,0700
GME00130004,20170801,TMAX,387,,,S,0700
GME00130004,20170901,TMIN,153,,,S,0700
GME00130004,20170901,TMAX,337,,,S,0700
GME00130004,20171001,TMIN,113,,,S,0700
GME00130004,20171001,TMAX,277,,,S,0700
GME00130004,20171101,TMIN,73,,,S,0700
GME00130004,20171101,TMAX,217,,,S,0700
GME00130004,20171201,TMIN,43,,,S,0700
GME00130004,20171201,TMAX,187,,,S,0700
GME00130004,20180101,TMIN,34,,,S,0700
GME00130004,20180101,TMAX,178,,,S,0700
GME00130004,20180201,TMIN,44,,,S,0700
GME00130004,20180201,TMAX,198,,,S,0700
GME00130004,20180301,TMIN,74,,,S,0700
GME00130004,20180301,TMAX,248,,,S,0700
GME00130004,20180401,TMIN,104,,,S,0700
GME00130004,20180401,TMAX,288,,,S,0700
GME00130004,20180501,TMIN,144,,,S,0700
GME00130004,20180501,TMAX,328,,,S,0700
GME00130004,20180601,TMIN,174,,,S,0700
GME00130004,20180601,TMAX,368,,,S,0700
GME00130004,20180701,TMIN,194,,,S,0700
GME00130004,20180701,TMAX,388,,,S,0700
GME00130004,20180801,TMIN,194,,,S,0700
GME00130004,20180801,TMAX,388,,,S,0700
GME00130004,20180901,TMIN,154,,,S,0700
GME00130004,20180901,TMAX,338,,,S,0700
GME00130004,20181001,TMIN,114,,,S,0700
GME00130004,20181001,TMAX,278,,,S,0700
GME00130004,20181101,TMIN,74,,,S,0700
GME00130004,20181101,TMAX,218,,,S,0700
GME00130004,20181201,TMIN,44,,,S,0700
GME00130004,20181201,TMAX,188,,,S,0700
GME00130004,20190101,TMIN,36,,,S,0700
GME00130004,20190101,TMAX,180,,,S,0700
GME00130004,20190201,TMIN,46,,,S,0700
GME00130004,20190201,TMAX,200,,,S,0700
GME00130004,20190301,TMIN,76,,,S,0700
GME00130004,20190301,TMAX,250,,,S,0700
GME00130004,20190401,TMIN,106,,,S,0700
GME00130004,20190401,TMAX,290,,,S,0700
GME00130004,20190501,TMIN,146,,,S,0700
GME00130004,20190501,TMAX,330,,,S,0700
GME00130004,20190601,TMIN,176,,,S,0700
GME00130004,20190601,TMAX,370,,,S,0700
GME00130004,20190701,TMIN,196,,,S,0700
GME00130004,20190701,TMAX,390,,,S,0700
GME00130004,20190801,TMIN,196,,,S,0700
GME00130004,20190801,TMAX,390,,,S,0700
GME00130004,20190901,TMIN,156,,,S,0700
GME00130004,20190901,TMAX,340,,,S,0700
GME00130004,20191001,TMIN,116,,,S,0700
GME00130004,20191001,TMAX,280,,,S,0700
GME00130004,20191101,TMIN,76,,,S,0700
GME00130004,20191101,TMAX,220,,,S,0700
GME00130004,20191201,TMIN,46,,,S,0700
GME00130004,20191201,TMAX,190,,,S,0700
GME00130004,20200101,TMIN,37,,,S,0700
GME00130004,20200101,TMAX,181,,,S,0700
GME00130004,20200201,TMIN,47,,,S,0700
GME00130004,20200201,TMAX,201,,,S,0700
GME00130004,20200301,TMIN,77,,,S,0700
GME00130004,20200301,TMAX,251,,,S,0700
GME00130004,20200401,TMIN,107,,,S,0700
GME00130004,20200401,TMAX,291,,,S,0700
GME00130004,20200501,TMIN,147,,,S,0700
GME00130004,20200501,TMAX,331,,,S,0700
GME00130004,20200601,TMIN,177,,,S,0700
GME00130004,20200601,TMAX,371,,,S,0700
GME00130004,20200701,TMIN,197,,,S,0700
GME00130004,20200701,TMAX,391,,,S,0700
GME00130004,20200801,TMIN,197,,,S,0700
GME00130004,20200801,TMAX,391,,,S,0700
GME00130004,20200901,TMIN,157,,,S,0700
GME00130004,20200901,TMAX,341,,,S,0700
GME00130004,20201001,TMIN,117,,,S,0700
GME00130004,20201001,TMAX,281,,,S,0700
GME00130004,20201101,TMIN,77,,,S,0700
GME00130004,20201101,TMAX,221,,,S,0700
GME00130004,20201201,TMIN,47,,,S,0700
GME00130004,20201201,TMAX,191,,,S,0700
GME00130004,20210101,TMIN,38,,,S,0700
GME00130004,20210101,TMAX,182,,,S,0700
GME00130004,20210201,TMIN,48,,,S,0700
GME00130004,20210201,TMAX,202,,,S,0700
GME00130004,20210301,TMIN,78,,,S,0700
GME00130004,20210301,TMAX,252,,,S,0700
GME00130004,20210401,TMIN,108,,,S,0700
GME00130004,20210401,TMAX,292,,,S,0700
GME00130004,20210501,TMIN,148,,,S,0700
GME00130004,20210501,TMAX,332,,,S,0700
GME00130004,20210601,TMIN,178,,,S,0700
GME00130004,20210601,TMAX,372,,,S,0700
GME00130004,20210701,TMIN,198,,,S,0700
GME00130004,20210701,TMAX,392,,,S,0700
GME00130004,20210801,TMIN,198,,,S,0700
GME00130004,20210801,TMAX,392,,,S,0700
GME00130004,20210901,TMIN,158,,,S,0700
GME00130004,20210901,TMAX,342,,,S,0700
GME00130004,20211001,TMIN,118,,,S,0700
GME00130004,20211001,TMAX,282,,,S,0700
GME00130004,20211101,TMIN,78,,,S,0700
GME00130004,20211101,TMAX,222,,,S,0700
GME00130004,20211201,TMIN,48,,,S,0700
GME00130004,20211201,TMAX,192,,,S,0700
GME00130004,20220101,TMIN,39,,,S,0700
GME00130004,20220101,TMAX,183,,,S,0700
GME00130004,20220201,TMIN,49,,,S,0700
GME00130004,20220201,TMAX,203,,,S,0700
GME00130004,20220301,TMIN,79,,,S,0700
GME00130004,20220301,TMAX,253,,,S,0700
GME00130004,20220401,TMIN,109,,,S,0700
GME00130004,20220401,TMAX,293,,,S,0700
GME00130004,20220501,TMIN,149,,,S,0700
GME00130004,20220501,TMAX,333,,,S,0700
GME00130004,20220601,TMIN,179,,,S,0700
GME00130004,20220601,TMAX,373,,,S,0700
GME00130004,20220701,TMIN,199,,,S,0700
GME00130004,20220701,TMAX,393,,,S,0700
GME00130004,20220801,TMIN,199,,,S,0700
GME00130004,20220801,TMAX,393,,,S,0700
GME00130004,20220901,TMIN,159,,,S,0700
GME00130004,20220901,TMAX,343,,,S,0700
GME00130004,20221001,TMIN,119,,,S,0700
GME00130004,20221001,TMAX,283,,,S,0700
GME00130004,20221101,TMIN,79,,,S,0700
GME00130004,20221101,TMAX,223,,,S,0700
GME00130004,20221201,TMIN,49,,,S,0700
GME00130004,20221201,TMAX,193,,,S,0700
GME00130004,20230101,TMIN,40,,,S,0700
GME00130004,20230101,TMAX,184,,,S,0700
GME00130004,20230201,TMIN,50,,,S,0700
GME00130004,20230201,TMAX,204,,,S,0700
GME00130004,20230301,TMIN,80,,,S,0700
GME00130004,20230301,TMAX,254,,,S,0700
GME00130004,20230401,TMIN,110,,,S,0700
GME00130004,20230401,TMAX,294,,,S,0700
GME00130004,20230501,TMIN,150,,,S,0700
GME00130004,20230501,TMAX,334,,,S,0700
GME00130004,20230601,TMIN,180,,,S,0700
GME00130004,20230601,TMAX,374,,,S,0700
GME00130004,20230701,TMIN,200,,,S,0700
GME00130004,20230701,TMAX,394,,,S,0700
GME00130004,20230801,TMIN,200,,,S,0700
GME00130004,20230801,TMAX,394,,,S,0700
GME00130004,20230901,TMIN,160,,,S,0700
GME00130004,20230901,TMAX,344,,,S,0700
GME00130004,20231001,TMIN,120,,,S,0700
GME00130004,20231001,TMAX,284,,,S,0700
GME00130004,20231101,TMIN,80,,,S,0700
GME00130004,20231101,TMAX,224,,,S,0700
GME00130004,20231201,TMIN,50,,,S,0700
GME00130004,20231201,TMAX,194,,,S,0700
GME00130004,20240101,TMIN,41,,,S,0700
GME00130004,20240101,TMAX,185,,,S,0700
GME00130004,20240201,TMIN,51,,,S,0700
GME00130004,20240201,TMAX,205,,,S,0700
GME00130004,20240301,TMIN,81,,,S,0700
GME00130004,20240301,TMAX,255,,,S,0700
GME00130004,20240401,TMIN,111,,,S,0700
GME00130004,20240401,TMAX,295,,,S,0700
GME00130004,20240501,TMIN,151,,,S,0700
GME00130004,20240501,TMAX,335,,,S,0700
GME00130004,20240601,TMIN,181,,,S,0700
GME00130004,20240601,TMAX,375,,,S,0700
GME00130004,20240701,TMIN,201,,,S,0700
GME00130004,20240701,TMAX,395,,,S,0700
GME00130004,20240801,TMIN,201,,,S,0700
GME00130004,20240801,TMAX,395,,,S,0700
GME00130004,20240901,TMIN,161,,,S,0700
GME00130004,20240901,TMAX,345,,,S,0700
GME00130004,20241001,TMIN,121,,,S,0700
GME00130004,20241001,TMAX,285,,,S,0700
GME00130004,20241101,TMIN,81,,,S,0700
GME00130004,20241101,TMAX,225,,,S,0700
GME00130004,20241201,TMIN,51,,,S,0700
GME00130004,20241201,TMAX,195,,,S,0700
GME00130004,20250101,TMIN,42,,,S,0700
GME00130004,20250101,TMAX,186,,,S,0700
GME00130004,20250201,TMIN,52,,,S,0700
GME00130004,20250201,TMAX,206,,,S,0700
GME00130004,20250301,TMIN,82,,,S,0700
GME00130004,20250301,TMAX,256,,,S,0700
GME00130004,20250401,TMIN,112,,,S,0700
GME00130004,20250401,TMAX,296,,,S,0700
GME00130004,20250501,TMIN,152,,,S,0700
GME00130004,20250501,TMAX,336,,,S,0700
GME00130004,20250601,TMIN,182,,,S,0700
GME00130004,20250601,TMAX,376,,,S,0700
GME00130004,20250701,TMIN,202,,,S,0700
GME00130004,20250701,TMAX,396,,,S,0700
GME00130004,20250801,TMIN,202,,,S,0700
GME00130004,20250801,TMAX,396,,,S,0700
GME00130004,20250901,TMIN,162,,,S,0700
GME00130004,20250901,TMAX,346,,,S,0700
GME00130004,20251001,TMIN,122,,,S,0700
GME00130004,20251001,TMAX,286,,,S,0700
GME00130004,20251101,TMIN,82,,,S,0700
GME00130004,20251101,TMAX,226,,,S,0700
GME00130004,20251201,TMIN,52,,,S,0700
GME00130004,20251201,TMAX,196,,,S,0700
